,Crop,N,P,K
0,Rice,80,40,40
1,Jowar(Sorghum),80,40,40
2,Barley(JAV),70,40,45
3,Maize,80,40,20
4,Ragi( naachnnii),50,40,20
5,Chickpeas(Channa),40,60,80
6,French Beans(Farasbi),90,125,60
7,Fava beans (Papdi - Val),90,125,60
8,Lima beans(Pavta),40,60,20
9,Cluster Beans(Gavar),25,50,25
10,Soyabean,20,60,20
11,Black eyed beans( chawli),20,60,20
12,Kidney beans,20,60,20
13,pigeon peas(Toor Dal),20,60,20
14,Moth bean(Matki),20,40,20
15,Mung beans,20,40,20
16,Green Peas,40,35,55
17,Horse Gram(kulthi),20,60,20
18,Black Gram,40,60,20
19,Rapeseed (Mohri),50,40,20
20,Coriander seeds,90,20,20
21,Mustard seeds,100,30,15
22,sesame seed,30,15,30
23,Cumin seeds,90,60,20
24,Lentils(Masoor Dal),20,60,20
25,Brinjal,80,15,40
26,Beetroot,120,50,100
27,Bitter Gourd,60,10,20
28,Bottle Gourd,100,50,50
29,Capsicum,100,20,60
30,Cabbage,100,65,70
31,Carrot,40,45,60
32,Cauliflower,80,70,50
33,Cucumber,60,60,85
34,Coriander leaves,10,20,20
35,Curry leaves,20,20,20
36,Drumstick – moringa,40,20,10
37,Chili,120,20,80
38,Lady Finger,80,10,40
39,Mushroom,100,50,60
40,Onion,120,60,65
41,Potato,180,60,90
42,Pumpkin,80,50,30
43,Radish,25,100,50
44,Olive,100,60,30
45,Sweet Potato,90,20,120
46,Fenugreek Leaf(methi),30,25,40
47,Spinach,60,60,50
48,Ridgegourd,90,50,20
49,Gooseberry(Amla),20,50,20
50,Jambun(Syzygium cumini),10,10,10
51,Ziziphus mauritiana(Bor),20,10,10
52,Garcinia indica(kokam),40,25,50
53,Tamarind,20,15,25
54,Tapioca(Suran),50,50,50
55,Garlic,50,10,60
56,Lemon,20,10,10
57,Tomato,100,40,90
58,Ash Gourd,60,10,30
59,Pineapple,160,40,120
60,Pomegranate,20,10,40
61,Banana,100,75,50
62,Mango,20,20,30
63,Grapes,20,125,200
64,Jackfruit,75,40,50
65,Guava,50,50,50
66,Water Melon,100,10,50
67,Musk Melon,100,10,50
68,Apricot,40,50,25
69,Apple,20,125,200
70,Chickoo,40,30,60
71,Custard apple,40,20,40
72,Dates,40,125,20
73,Figs,20,60,20
74,Orange,20,10,10
75,Papaya,50,50,50
76,Aniseed,100,50,20
77,Asafoetida,90,40,20
78,Bay Leaf,100,50,25
79,Black Pepper,100,60,50
80,Cardamom,75,75,150
81,Cinnamon,20,20,25
82,Cloves,20,20,60
83,Jaiphal(Nutmeg),20,20,60
84,Ginger,40,50,20
85,Turmeric,25,60,100
86,Cashewnuts,70,40,60
87,Raisins,60,30,30
88,Coconut,20,10,30
89,Almond Nut,70,20,10
90,Arecanut,100,40,140
91,Pistachio Nut,90,20,20
92,Lemon Grass,25,40,40
93,Cotton,120,40,20
94,Jute,80,40,40
95,Coffee,100,20,30
96,Sunflower,50,60,30
97,Rice,80,40,40
98,Jowar(Sorghum),80,40,40
99,Barley(JAV),70,40,45
100,Maize,80,40,20
101,Ragi( naachnnii),50,40,20
102,Chickpeas(Channa),40,60,80
103,French Beans(Farasbi),90,125,60
104,Fava beans (Papdi - Val),90,125,60
105,Lima beans(Pavta),40,60,20
106,Cluster Beans(Gavar),25,50,25
107,Soyabean,20,60,20
108,Black eyed beans( chawli),20,60,20
109,Kidney beans,20,60,20
110,pigeon peas(Toor Dal),20,60,20
111,Moth bean(Matki),20,40,20
112,Mung beans,20,40,20
113,Green Peas,40,35,55
114,Horse Gram(kulthi),20,60,20
115,Black Gram,40,60,20
116,Rapeseed (Mohri),50,40,20
117,Coriander seeds,90,20,20
118,Mustard seeds,100,30,15
119,sesame seed,30,15,30
120,Cumin seeds,90,60,20
121,Lentils(Masoor Dal),20,60,20
122,Brinjal,80,15,40
123,Beetroot,120,50,100
124,Bitter Gourd,60,10,20
125,Bottle Gourd,100,50,50
126,Capsicum,100,20,60
127,Cabbage,100,65,70
128,Carrot,40,45,60
129,Cauliflower,80,70,50
130,Cucumber,60,60,85
131,Coriander leaves,10,20,20
132,Curry leaves,20,20,20
133,Drumstick – moringa,40,20,10
134,Chili,120,20,80
135,Lady Finger,80,10,40
136,Mushroom,100,50,60
137,Onion,120,60,65
138,Potato,180,60,90
139,Pumpkin,80,50,30
140,Radish,25,100,50
141,Olive,100,60,30
142,Sweet Potato,90,20,120
143,Fenugreek Leaf(methi),30,25,40
144,Spinach,60,60,50
145,Ridgegourd,90,50,20
146,Gooseberry(Amla),20,50,20
147,Jambun(Syzygium cumini),10,10,10
148,Ziziphus mauritiana(Bor),20,10,10
149,Garcinia indica(kokam),40,25,50
150,Tamarind,20,15,25
151,Tapioca(Suran),50,50,50
152,Garlic,50,10,60
153,Lemon,20,10,10
154,Tomato,100,40,90
155,Ash Gourd,60,10,30
156,Pineapple,160,40,120
157,Pomegranate,20,10,40
158,Banana,100,75,50
159,Mango,20,20,30
160,Grapes,20,125,200
161,Jackfruit,75,40,50
162,Guava,50,50,50
163,Water Melon,100,10,50
164,Musk Melon,100,10,50
165,Apricot,40,50,25
166,Apple,20,125,200
167,Chickoo,40,30,60
168,Custard apple,40,20,40
169,Dates,40,125,20
170,Figs,20,60,20
171,Orange,20,10,10
172,Papaya,50,50,50
173,Aniseed,100,50,20
174,Asafoetida,90,40,20
175,Bay Leaf,100,50,25
176,Black Pepper,100,60,50
177,Cardamom,75,75,150
178,Cinnamon,20,20,25
179,Cloves,20,20,60
180,Jaiphal(Nutmeg),20,20,60
181,Ginger,40,50,20
182,Turmeric,25,60,100
183,Cashewnuts,70,40,60
184,Raisins,60,30,30
185,Coconut,20,10,30
186,Almond Nut,70,20,10
187,Arecanut,100,40,140
188,Pistachio Nut,90,20,20
189,Lemon Grass,25,40,40
190,Cotton,120,40,20
191,Jute,80,40,40
192,Coffee,100,20,30
193,Sunflower,50,60,30
194,Rice,80,40,40
195,Jowar(Sorghum),80,40,40
196,Barley(JAV),70,40,45
197,Maize,80,40,20
198,Ragi( naachnnii),50,40,20
199,Chickpeas(Channa),40,60,80
200,French Beans(Farasbi),90,125,60
201,Fava beans (Papdi - Val),90,125,60
202,Lima beans(Pavta),40,60,20
203,Cluster Beans(Gavar),25,50,25
204,Soyabean,20,60,20
205,Black eyed beans( chawli),20,60,20
206,Kidney beans,20,60,20
207,pigeon peas(Toor Dal),20,60,20
208,Moth bean(Matki),20,40,20
209,Mung beans,20,40,20
210,Green Peas,40,35,55
211,Horse Gram(kulthi),20,60,20
212,Black Gram,40,60,20
213,Rapeseed (Mohri),50,40,20
214,Coriander seeds,90,20,20
215,Mustard seeds,100,30,15
216,sesame seed,30,15,30
217,Cumin seeds,90,60,20
218,Lentils(Masoor Dal),20,60,20
219,Brinjal,80,15,40
220,Beetroot,120,50,100
221,Bitter Gourd,60,10,20
222,Bottle Gourd,100,50,50
223,Capsicum,100,20,60
224,Cabbage,100,65,70
225,Carrot,40,45,60
226,Cauliflower,80,70,50
227,Cucumber,60,60,85
228,Coriander leaves,10,20,20
229,Curry leaves,20,20,20
230,Drumstick – moringa,40,20,10
231,Chili,120,20,80
232,Lady Finger,80,10,40
233,Mushroom,100,50,60
234,Onion,120,60,65
235,Potato,180,60,90
236,Pumpkin,80,50,30
237,Radish,25,100,50
238,Olive,100,60,30
239,Sweet Potato,90,20,120
240,Fenugreek Leaf(methi),30,25,40
241,Spinach,60,60,50
242,Ridgegourd,90,50,20
243,Gooseberry(Amla),20,50,20
244,Jambun(Syzygium cumini),10,10,10
245,Ziziphus mauritiana(Bor),20,10,10
246,Garcinia indica(kokam),40,25,50
247,Tamarind,20,15,25
248,Tapioca(Suran),50,50,50
249,Garlic,50,10,60
250,Lemon,20,10,10
251,Tomato,100,40,90
252,Ash Gourd,60,10,30
253,Pineapple,160,40,120
254,Pomegranate,20,10,40
255,Banana,100,75,50
256,Mango,20,20,30
257,Grapes,20,125,200
258,Jackfruit,75,40,50
259,Guava,50,50,50
260,Water Melon,100,10,50
261,Musk Melon,100,10,50
262,Apricot,40,50,25
263,Apple,20,125,200
264,Chickoo,40,30,60
265,Custard apple,40,20,40
266,Dates,40,125,20
267,Figs,20,60,20
268,Orange,20,10,10
269,Papaya,50,50,50
270,Aniseed,100,50,20
271,Asafoetida,90,40,20
272,Bay Leaf,100,50,25
273,Black Pepper,100,60,50
274,Cardamom,75,75,150
275,Cinnamon,20,20,25
276,Cloves,20,20,60
277,Jaiphal(Nutmeg),20,20,60
278,Ginger,40,50,20
279,Turmeric,25,60,100
280,Cashewnuts,70,40,60
281,Raisins,60,30,30
282,Coconut,20,10,30
283,Almond Nut,70,20,10
284,Arecanut,100,40,140
285,Pistachio Nut,90,20,20
286,Lemon Grass,25,40,40
287,Cotton,120,40,20
288,Jute,80,40,40
289,Coffee,100,20,30
290,Sunflower,50,60,30
291,Rice,80,40,40
292,Jowar(Sorghum),80,40,40
293,Barley(JAV),70,40,45
294,Maize,80,40,20
295,Ragi( naachnnii),50,40,20
296,Chickpeas(Channa),40,60,80
297,French Beans(Farasbi),90,125,60
298,Fava beans (Papdi - Val),90,125,60
299,Lima beans(Pavta),40,60,20
300,Cluster Beans(Gavar),25,50,25
301,Soyabean,20,60,20
302,Black eyed beans( chawli),20,60,20
303,Kidney beans,20,60,20
304,pigeon peas(Toor Dal),20,60,20
305,Moth bean(Matki),20,40,20
306,Mung beans,20,40,20
307,Green Peas,40,35,55
308,Horse Gram(kulthi),20,60,20
309,Black Gram,40,60,20
310,Rapeseed (Mohri),50,40,20
311,Coriander seeds,90,20,20
312,Mustard seeds,100,30,15
313,sesame seed,30,15,30
314,Cumin seeds,90,60,20
315,Lentils(Masoor Dal),20,60,20
316,Brinjal,80,15,40
317,Beetroot,120,50,100
318,Bitter Gourd,60,10,20
319,Bottle Gourd,100,50,50
320,Capsicum,100,20,60
321,Cabbage,100,65,70
322,Carrot,40,45,60
323,Cauliflower,80,70,50
324,Cucumber,60,60,85
325,Coriander leaves,10,20,20
326,Curry leaves,20,20,20
327,Drumstick – moringa,40,20,10
328,Chili,120,20,80
329,Lady Finger,80,10,40
330,Mushroom,100,50,60
331,Onion,120,60,65
332,Potato,180,60,90
333,Pumpkin,80,50,30
334,Radish,25,100,50
335,Olive,100,60,30
336,Sweet Potato,90,20,120
337,Fenugreek Leaf(methi),30,25,40
338,Spinach,60,60,50
339,Ridgegourd,90,50,20
340,Gooseberry(Amla),20,50,20
341,Jambun(Syzygium cumini),10,10,10
342,Ziziphus mauritiana(Bor),20,10,10
343,Garcinia indica(kokam),40,25,50
344,Tamarind,20,15,25
345,Tapioca(Suran),50,50,50
346,Garlic,50,10,60
347,Lemon,20,10,10
348,Tomato,100,40,90
349,Ash Gourd,60,10,30
350,Pineapple,160,40,120
351,Pomegranate,20,10,40
352,Banana,100,75,50
353,Mango,20,20,30
354,Grapes,20,125,200
355,Jackfruit,75,40,50
356,Guava,50,50,50
357,Water Melon,100,10,50
358,Musk Melon,100,10,50
359,Apricot,40,50,25
360,Apple,20,125,200
361,Chickoo,40,30,60
362,Custard apple,40,20,40
363,Dates,40,125,20
364,Figs,20,60,20
365,Orange,20,10,10
366,Papaya,50,50,50
367,Aniseed,100,50,20
368,Asafoetida,90,40,20
369,Bay Leaf,100,50,25
370,Black Pepper,100,60,50
371,Cardamom,75,75,150
372,Cinnamon,20,20,25
373,Cloves,20,20,60
374,Jaiphal(Nutmeg),20,20,60
375,Ginger,40,50,20
376,Turmeric,25,60,100
377,Cashewnuts,70,40,60
378,Raisins,60,30,30
379,Coconut,20,10,30
380,Almond Nut,70,20,10
381,Arecanut,100,40,140
382,Pistachio Nut,90,20,20
383,Lemon Grass,25,40,40
384,Cotton,120,40,20
385,Jute,80,40,40
386,Coffee,100,20,30
387,Sunflower,50,60,30
388,Rice,80,40,40
389,Jowar(Sorghum),80,40,40
390,Barley(JAV),70,40,45
391,Maize,80,40,20
392,Ragi( naachnnii),50,40,20
393,Chickpeas(Channa),40,60,80
394,French Beans(Farasbi),90,125,60
395,Fava beans (Papdi - Val),90,125,60
396,Lima beans(Pavta),40,60,20
397,Cluster Beans(Gavar),25,50,25
398,Soyabean,20,60,20
399,Black eyed beans( chawli),20,60,20
400,Kidney beans,20,60,20
401,pigeon peas(Toor Dal),20,60,20
402,Moth bean(Matki),20,40,20
403,Mung beans,20,40,20
404,Green Peas,40,35,55
405,Horse Gram(kulthi),20,60,20
406,Black Gram,40,60,20
407,Rapeseed (Mohri),50,40,20
408,Coriander seeds,90,20,20
409,Mustard seeds,100,30,15
410,sesame seed,30,15,30
411,Cumin seeds,90,60,20
412,Lentils(Masoor Dal),20,60,20
413,Brinjal,80,15,40
414,Beetroot,120,50,100
415,Bitter Gourd,60,10,20
416,Bottle Gourd,100,50,50
417,Capsicum,100,20,60
418,Cabbage,100,65,70
419,Carrot,40,45,60
420,Cauliflower,80,70,50
421,Cucumber,60,60,85
422,Coriander leaves,10,20,20
423,Curry leaves,20,20,20
424,Drumstick – moringa,40,20,10
425,Chili,120,20,80
426,Lady Finger,80,10,40
427,Mushroom,100,50,60
428,Onion,120,60,65
429,Potato,180,60,90
430,Pumpkin,80,50,30
431,Radish,25,100,50
432,Olive,100,60,30
433,Sweet Potato,90,20,120
434,Fenugreek Leaf(methi),30,25,40
435,Spinach,60,60,50
436,Ridgegourd,90,50,20
437,Gooseberry(Amla),20,50,20
438,Jambun(Syzygium cumini),10,10,10
439,Ziziphus mauritiana(Bor),20,10,10
440,Garcinia indica(kokam),40,25,50
441,Tamarind,20,15,25
442,Tapioca(Suran),50,50,50
443,Garlic,50,10,60
444,Lemon,20,10,10
445,Tomato,100,40,90
446,Ash Gourd,60,10,30
447,Pineapple,160,40,120
448,Pomegranate,20,10,40
449,Banana,100,75,50
450,Mango,20,20,30
451,Grapes,20,125,200
452,Jackfruit,75,40,50
453,Guava,50,50,50
454,Water Melon,100,10,50
455,Musk Melon,100,10,50
456,Apricot,40,50,25
457,Apple,20,125,200
458,Chickoo,40,30,60
459,Custard apple,40,20,40
460,Dates,40,125,20
461,Figs,20,60,20
462,Orange,20,10,10
463,Papaya,50,50,50
464,Aniseed,100,50,20
465,Asafoetida,90,40,20
466,Bay Leaf,100,50,25
467,Black Pepper,100,60,50
468,Cardamom,75,75,150
469,Cinnamon,20,20,25
470,Cloves,20,20,60
471,Jaiphal(Nutmeg),20,20,60
472,Ginger,40,50,20
473,Turmeric,25,60,100
474,Cashewnuts,70,40,60
475,Raisins,60,30,30
476,Coconut,20,10,30
477,Almond Nut,70,20,10
478,Arecanut,100,40,140
479,Pistachio Nut,90,20,20
480,Lemon Grass,25,40,40
481,Cotton,120,40,20
482,Jute,80,40,40
483,Coffee,100,20,30
484,Sunflower,50,60,30
485,Rice,80,40,40
486,Jowar(Sorghum),80,40,40
487,Barley(JAV),70,40,45
488,Maize,80,40,20
489,Ragi( naachnnii),50,40,20
490,Chickpeas(Channa),40,60,80
491,French Beans(Farasbi),90,125,60
492,Fava beans (Papdi - Val),90,125,60
493,Lima beans(Pavta),40,60,20
494,Cluster Beans(Gavar),25,50,25
495,Soyabean,20,60,20
496,Black eyed beans( chawli),20,60,20
497,Kidney beans,20,60,20
498,pigeon peas(Toor Dal),20,60,20
499,Moth bean(Matki),20,40,20
500,Mung beans,20,40,20
501,Green Peas,40,35,55
502,Horse Gram(kulthi),20,60,20
503,Black Gram,40,60,20
504,Rapeseed (Mohri),50,40,20
505,Coriander seeds,90,20,20
506,Mustard seeds,100,30,15
507,sesame seed,30,15,30
508,Cumin seeds,90,60,20
509,Lentils(Masoor Dal),20,60,20
510,Brinjal,80,15,40
511,Beetroot,120,50,100
512,Bitter Gourd,60,10,20
513,Bottle Gourd,100,50,50
514,Capsicum,100,20,60
515,Cabbage,100,65,70
516,Carrot,40,45,60
517,Cauliflower,80,70,50
518,Cucumber,60,60,85
519,Coriander leaves,10,20,20
520,Curry leaves,20,20,20
521,Drumstick – moringa,40,20,10
522,Chili,120,20,80
523,Lady Finger,80,10,40
524,Mushroom,100,50,60
525,Onion,120,60,65
526,Potato,180,60,90
527,Pumpkin,80,50,30
528,Radish,25,100,50
529,Olive,100,60,30
530,Sweet Potato,90,20,120
531,Fenugreek Leaf(methi),30,25,40
532,Spinach,60,60,50
533,Ridgegourd,90,50,20
534,Gooseberry(Amla),20,50,20
535,Jambun(Syzygium cumini),10,10,10
536,Ziziphus mauritiana(Bor),20,10,10
537,Garcinia indica(kokam),40,25,50
538,Tamarind,20,15,25
539,Tapioca(Suran),50,50,50
540,Garlic,50,10,60
541,Lemon,20,10,10
542,Tomato,100,40,90
543,Ash Gourd,60,10,30
544,Pineapple,160,40,120
545,Pomegranate,20,10,40
546,Banana,100,75,50
547,Mango,20,20,30
548,Grapes,20,125,200
549,Jackfruit,75,40,50
550,Guava,50,50,50
551,Water Melon,100,10,50
552,Musk Melon,100,10,50
553,Apricot,40,50,25
554,Apple,20,125,200
555,Chickoo,40,30,60
556,Custard apple,40,20,40
557,Dates,40,125,20
558,Figs,20,60,20
559,Orange,20,10,10
560,Papaya,50,50,50
561,Aniseed,100,50,20
562,Asafoetida,90,40,20
563,Bay Leaf,100,50,25
564,Black Pepper,100,60,50
565,Cardamom,75,75,150
566,Cinnamon,20,20,25
567,Cloves,20,20,60
568,Jaiphal(Nutmeg),20,20,60
569,Ginger,40,50,20
570,Turmeric,25,60,100
571,Cashewnuts,70,40,60
572,Raisins,60,30,30
573,Coconut,20,10,30
574,Almond Nut,70,20,10
575,Arecanut,100,40,140
576,Pistachio Nut,90,20,20
577,Lemon Grass,25,40,40
578,Cotton,120,40,20
579,Jute,80,40,40
580,Coffee,100,20,30
581,Sunflower,50,60,30
582,Rice,80,40,40
583,Jowar(Sorghum),80,40,40
584,Barley(JAV),70,40,45
585,Maize,80,40,20
586,Ragi( naachnnii),50,40,20
587,Chickpeas(Channa),40,60,80
588,French Beans(Farasbi),90,125,60
589,Fava beans (Papdi - Val),90,125,60
590,Lima beans(Pavta),40,60,20
591,Cluster Beans(Gavar),25,50,25
592,Soyabean,20,60,20
593,Black eyed beans( chawli),20,60,20
594,Kidney beans,20,60,20
595,pigeon peas(Toor Dal),20,60,20
596,Moth bean(Matki),20,40,20
597,Mung beans,20,40,20
598,Green Peas,40,35,55
599,Horse Gram(kulthi),20,60,20
600,Black Gram,40,60,20
601,Rapeseed (Mohri),50,40,20
602,Coriander seeds,90,20,20
603,Mustard seeds,100,30,15
604,sesame seed,30,15,30
605,Cumin seeds,90,60,20
606,Lentils(Masoor Dal),20,60,20
607,Brinjal,80,15,40
608,Beetroot,120,50,100
609,Bitter Gourd,60,10,20
610,Bottle Gourd,100,50,50
611,Capsicum,100,20,60
612,Cabbage,100,65,70
613,Carrot,40,45,60
614,Cauliflower,80,70,50
615,Cucumber,60,60,85
616,Coriander leaves,10,20,20
617,Curry leaves,20,20,20
618,Drumstick – moringa,40,20,10
619,Chili,120,20,80
620,Lady Finger,80,10,40
621,Mushroom,100,50,60
622,Onion,120,60,65
623,Potato,180,60,90
624,Pumpkin,80,50,30
625,Radish,25,100,50
626,Olive,100,60,30
627,Sweet Potato,90,20,120
628,Fenugreek Leaf(methi),30,25,40
629,Spinach,60,60,50
630,Ridgegourd,90,50,20
631,Gooseberry(Amla),20,50,20
632,Jambun(Syzygium cumini),10,10,10
633,Ziziphus mauritiana(Bor),20,10,10
634,Garcinia indica(kokam),40,25,50
635,Tamarind,20,15,25
636,Tapioca(Suran),50,50,50
637,Garlic,50,10,60
638,Lemon,20,10,10
639,Tomato,100,40,90
640,Ash Gourd,60,10,30
641,Pineapple,160,40,120
642,Pomegranate,20,10,40
643,Banana,100,75,50
644,Mango,20,20,30
645,Grapes,20,125,200
646,Jackfruit,75,40,50
647,Guava,50,50,50
648,Water Melon,100,10,50
649,Musk Melon,100,10,50
650,Apricot,40,50,25
651,Apple,20,125,200
652,Chickoo,40,30,60
653,Custard apple,40,20,40
654,Dates,40,125,20
655,Figs,20,60,20
656,Orange,20,10,10
657,Papaya,50,50,50
658,Aniseed,100,50,20
659,Asafoetida,90,40,20
660,Bay Leaf,100,50,25
661,Black Pepper,100,60,50
662,Cardamom,75,75,150
663,Cinnamon,20,20,25
664,Cloves,20,20,60
665,Jaiphal(Nutmeg),20,20,60
666,Ginger,40,50,20
667,Turmeric,25,60,100
668,Cashewnuts,70,40,60
669,Raisins,60,30,30
670,Coconut,20,10,30
671,Almond Nut,70,20,10
672,Arecanut,100,40,140
673,Pistachio Nut,90,20,20
674,Lemon Grass,25,40,40
675,Cotton,120,40,20
676,Jute,80,40,40
677,Coffee,100,20,30
678,Sunflower,50,60,30
679,Rice,80,40,40
680,Jowar(Sorghum),80,40,40
681,Barley(JAV),70,40,45
682,Maize,80,40,20
683,Ragi( naachnnii),50,40,20
684,Chickpeas(Channa),40,60,80
685,French Beans(Farasbi),90,125,60
686,Fava beans (Papdi - Val),90,125,60
687,Lima beans(Pavta),40,60,20
688,Cluster Beans(Gavar),25,50,25
689,Soyabean,20,60,20
690,Black eyed beans( chawli),20,60,20
691,Kidney beans,20,60,20
692,pigeon peas(Toor Dal),20,60,20
693,Moth bean(Matki),20,40,20
694,Mung beans,20,40,20
695,Green Peas,40,35,55
696,Horse Gram(kulthi),20,60,20
697,Black Gram,40,60,20
698,Rapeseed (Mohri),50,40,20
699,Coriander seeds,90,20,20
700,Mustard seeds,100,30,15
701,sesame seed,30,15,30
702,Cumin seeds,90,60,20
703,Lentils(Masoor Dal),20,60,20
704,Brinjal,80,15,40
705,Beetroot,120,50,100
706,Bitter Gourd,60,10,20
707,Bottle Gourd,100,50,50
708,Capsicum,100,20,60
709,Cabbage,100,65,70
710,Carrot,40,45,60
711,Cauliflower,80,70,50
712,Cucumber,60,60,85
713,Coriander leaves,10,20,20
714,Curry leaves,20,20,20
715,Drumstick – moringa,40,20,10
716,Chili,120,20,80
717,Lady Finger,80,10,40
718,Mushroom,100,50,60
719,Onion,120,60,65
720,Potato,180,60,90
721,Pumpkin,80,50,30
722,Radish,25,100,50
723,Olive,100,60,30
724,Sweet Potato,90,20,120
725,Fenugreek Leaf(methi),30,25,40
726,Spinach,60,60,50
727,Ridgegourd,90,50,20
728,Gooseberry(Amla),20,50,20
729,Jambun(Syzygium cumini),10,10,10
730,Ziziphus mauritiana(Bor),20,10,10
731,Garcinia indica(kokam),40,25,50
732,Tamarind,20,15,25
733,Tapioca(Suran),50,50,50
734,Garlic,50,10,60
735,Lemon,20,10,10
736,Tomato,100,40,90
737,Ash Gourd,60,10,30
738,Pineapple,160,40,120
739,Pomegranate,20,10,40
740,Banana,100,75,50
741,Mango,20,20,30
742,Grapes,20,125,200
743,Jackfruit,75,40,50
744,Guava,50,50,50
745,Water Melon,100,10,50
746,Musk Melon,100,10,50
747,Apricot,40,50,25
748,Apple,20,125,200
749,Chickoo,40,30,60
750,Custard apple,40,20,40
751,Dates,40,125,20
752,Figs,20,60,20
753,Orange,20,10,10
754,Papaya,50,50,50
755,Aniseed,100,50,20
756,Asafoetida,90,40,20
757,Bay Leaf,100,50,25
758,Black Pepper,100,60,50
759,Cardamom,75,75,150
760,Cinnamon,20,20,25
761,Cloves,20,20,60
762,Jaiphal(Nutmeg),20,20,60
763,Ginger,40,50,20
764,Turmeric,25,60,100
765,Cashewnuts,70,40,60
766,Raisins,60,30,30
767,Coconut,20,10,30
768,Almond Nut,70,20,10
769,Arecanut,100,40,140
770,Pistachio Nut,90,20,20
771,Lemon Grass,25,40,40
772,Cotton,120,40,20
773,Jute,80,40,40
774,Coffee,100,20,30
775,Sunflower,50,60,30
776,Rice,80,40,40
777,Jowar(Sorghum),80,40,40
778,Barley(JAV),70,40,45
779,Maize,80,40,20
780,Ragi( naachnnii),50,40,20
781,Chickpeas(Channa),40,60,80
782,French Beans(Farasbi),90,125,60
783,Fava beans (Papdi - Val),90,125,60
784,Lima beans(Pavta),40,60,20
785,Cluster Beans(Gavar),25,50,25
786,Soyabean,20,60,20
787,Black eyed beans( chawli),20,60,20
788,Kidney beans,20,60,20
789,pigeon peas(Toor Dal),20,60,20
790,Moth bean(Matki),20,40,20
791,Mung beans,20,40,20
792,Green Peas,40,35,55
793,Horse Gram(kulthi),20,60,20
794,Black Gram,40,60,20
795,Rapeseed (Mohri),50,40,20
796,Coriander seeds,90,20,20
797,Mustard seeds,100,30,15
798,sesame seed,30,15,30
799,Cumin seeds,90,60,20
800,Lentils(Masoor Dal),20,60,20
801,Brinjal,80,15,40
802,Beetroot,120,50,100
803,Bitter Gourd,60,10,20
804,Bottle Gourd,100,50,50
805,Capsicum,100,20,60
806,Cabbage,100,65,70
807,Carrot,40,45,60
808,Cauliflower,80,70,50
809,Cucumber,60,60,85
810,Coriander leaves,10,20,20
811,Curry leaves,20,20,20
812,Drumstick – moringa,40,20,10
813,Chili,120,20,80
814,Lady Finger,80,10,40
815,Mushroom,100,50,60
816,Onion,120,60,65
817,Potato,180,60,90
818,Pumpkin,80,50,30
819,Radish,25,100,50
820,Olive,100,60,30
821,Sweet Potato,90,20,120
822,Fenugreek Leaf(methi),30,25,40
823,Spinach,60,60,50
824,Ridgegourd,90,50,20
825,Gooseberry(Amla),20,50,20
826,Jambun(Syzygium cumini),10,10,10
827,Ziziphus mauritiana(Bor),20,10,10
828,Garcinia indica(kokam),40,25,50
829,Tamarind,20,15,25
830,Tapioca(Suran),50,50,50
831,Garlic,50,10,60
832,Lemon,20,10,10
833,Tomato,100,40,90
834,Ash Gourd,60,10,30
835,Pineapple,160,40,120
836,Pomegranate,20,10,40
837,Banana,100,75,50
838,Mango,20,20,30
839,Grapes,20,125,200
840,Jackfruit,75,40,50
841,Guava,50,50,50
842,Water Melon,100,10,50
843,Musk Melon,100,10,50
844,Apricot,40,50,25
845,Apple,20,125,200
846,Chickoo,40,30,60
847,Custard apple,40,20,40
848,Dates,40,125,20
849,Figs,20,60,20
850,Orange,20,10,10
851,Papaya,50,50,50
852,Aniseed,100,50,20
853,Asafoetida,90,40,20
854,Bay Leaf,100,50,25
855,Black Pepper,100,60,50
856,Cardamom,75,75,150
857,Cinnamon,20,20,25
858,Cloves,20,20,60
859,Jaiphal(Nutmeg),20,20,60
860,Ginger,40,50,20
861,Turmeric,25,60,100
862,Cashewnuts,70,40,60
863,Raisins,60,30,30
864,Coconut,20,10,30
865,Almond Nut,70,20,10
866,Arecanut,100,40,140
867,Pistachio Nut,90,20,20
868,Lemon Grass,25,40,40
869,Cotton,120,40,20
870,Jute,80,40,40
871,Coffee,100,20,30
872,Sunflower,50,60,30
873,Rice,80,40,40
874,Jowar(Sorghum),80,40,40
875,Barley(JAV),70,40,45
876,Maize,80,40,20
877,Ragi( naachnnii),50,40,20
878,Chickpeas(Channa),40,60,80
879,French Beans(Farasbi),90,125,60
880,Fava beans (Papdi - Val),90,125,60
881,Lima beans(Pavta),40,60,20
882,Cluster Beans(Gavar),25,50,25
883,Soyabean,20,60,20
884,Black eyed beans( chawli),20,60,20
885,Kidney beans,20,60,20
886,pigeon peas(Toor Dal),20,60,20
887,Moth bean(Matki),20,40,20
888,Mung beans,20,40,20
889,Green Peas,40,35,55
890,Horse Gram(kulthi),20,60,20
891,Black Gram,40,60,20
892,Rapeseed (Mohri),50,40,20
893,Coriander seeds,90,20,20
894,Mustard seeds,100,30,15
895,sesame seed,30,15,30
896,Cumin seeds,90,60,20
897,Lentils(Masoor Dal),20,60,20
898,Brinjal,80,15,40
899,Beetroot,120,50,100
900,Bitter Gourd,60,10,20
901,Bottle Gourd,100,50,50
902,Capsicum,100,20,60
903,Cabbage,100,65,70
904,Carrot,40,45,60
905,Cauliflower,80,70,50
906,Cucumber,60,60,85
907,Coriander leaves,10,20,20
908,Curry leaves,20,20,20
909,Drumstick – moringa,40,20,10
910,Chili,120,20,80
911,Lady Finger,80,10,40
912,Mushroom,100,50,60
913,Onion,120,60,65
914,Potato,180,60,90
915,Pumpkin,80,50,30
916,Radish,25,100,50
917,Olive,100,60,30
918,Sweet Potato,90,20,120
919,Fenugreek Leaf(methi),30,25,40
920,Spinach,60,60,50
921,Ridgegourd,90,50,20
922,Gooseberry(Amla),20,50,20
923,Jambun(Syzygium cumini),10,10,10
924,Ziziphus mauritiana(Bor),20,10,10
925,Garcinia indica(kokam),40,25,50
926,Tamarind,20,15,25
927,Tapioca(Suran),50,50,50
928,Garlic,50,10,60
929,Lemon,20,10,10
930,Tomato,100,40,90
931,Ash Gourd,60,10,30
932,Pineapple,160,40,120
933,Pomegranate,20,10,40
934,Banana,100,75,50
935,Mango,20,20,30
936,Grapes,20,125,200
937,Jackfruit,75,40,50
938,Guava,50,50,50
939,Water Melon,100,10,50
940,Musk Melon,100,10,50
941,Apricot,40,50,25
942,Apple,20,125,200
943,Chickoo,40,30,60
944,Custard apple,40,20,40
945,Dates,40,125,20
946,Figs,20,60,20
947,Orange,20,10,10
948,Papaya,50,50,50
949,Aniseed,100,50,20
950,Asafoetida,90,40,20
951,Bay Leaf,100,50,25
952,Black Pepper,100,60,50
953,Cardamom,75,75,150
954,Cinnamon,20,20,25
955,Cloves,20,20,60
956,Jaiphal(Nutmeg),20,20,60
957,Ginger,40,50,20
958,Turmeric,25,60,100
959,Cashewnuts,70,40,60
960,Raisins,60,30,30
961,Coconut,20,10,30
962,Almond Nut,70,20,10
963,Arecanut,100,40,140
964,Pistachio Nut,90,20,20
965,Lemon Grass,25,40,40
966,Cotton,120,40,20
967,Jute,80,40,40
968,Coffee,100,20,30
969,Sunflower,50,60,30
970,Rice,80,40,40
971,Jowar(Sorghum),80,40,40
972,Barley(JAV),70,40,45
973,Maize,80,40,20
974,Ragi( naachnnii),50,40,20
975,Chickpeas(Channa),40,60,80
976,French Beans(Farasbi),90,125,60
977,Fava beans (Papdi - Val),90,125,60
978,Lima beans(Pavta),40,60,20
979,Cluster Beans(Gavar),25,50,25
980,Soyabean,20,60,20
981,Black eyed beans( chawli),20,60,20
982,Kidney beans,20,60,20
983,pigeon peas(Toor Dal),20,60,20
984,Moth bean(Matki),20,40,20
985,Mung beans,20,40,20
986,Green Peas,40,35,55
987,Horse Gram(kulthi),20,60,20
988,Black Gram,40,60,20
989,Rapeseed (Mohri),50,40,20
990,Coriander seeds,90,20,20
991,Mustard seeds,100,30,15
992,sesame seed,30,15,30
993,Cumin seeds,90,60,20
994,Lentils(Masoor Dal),20,60,20
995,Brinjal,80,15,40
996,Beetroot,120,50,100
997,Bitter Gourd,60,10,20
998,Bottle Gourd,100,50,50
999,Capsicum,100,20,60
1000,Cabbage,100,65,70
1001,Carrot,40,45,60
1002,Cauliflower,80,70,50
1003,Cucumber,60,60,85
1004,Coriander leaves,10,20,20
1005,Curry leaves,20,20,20
1006,Drumstick – moringa,40,20,10
1007,Chili,120,20,80
1008,Lady Finger,80,10,40
1009,Mushroom,100,50,60
1010,Onion,120,60,65
1011,Potato,180,60,90
1012,Pumpkin,80,50,30
1013,Radish,25,100,50
1014,Olive,100,60,30
1015,Sweet Potato,90,20,120
1016,Fenugreek Leaf(methi),30,25,40
1017,Spinach,60,60,50
1018,Ridgegourd,90,50,20
1019,Gooseberry(Amla),20,50,20
1020,Jambun(Syzygium cumini),10,10,10
1021,Ziziphus mauritiana(Bor),20,10,10
1022,Garcinia indica(kokam),40,25,50
1023,Tamarind,20,15,25
1024,Tapioca(Suran),50,50,50
1025,Garlic,50,10,60
1026,Lemon,20,10,10
1027,Tomato,100,40,90
1028,Ash Gourd,60,10,30
1029,Pineapple,160,40,120
1030,Pomegranate,20,10,40
1031,Banana,100,75,50
1032,Mango,20,20,30
1033,Grapes,20,125,200
1034,Jackfruit,75,40,50
1035,Guava,50,50,50
1036,Water Melon,100,10,50
1037,Musk Melon,100,10,50
1038,Apricot,40,50,25
1039,Apple,20,125,200
1040,Chickoo,40,30,60
1041,Custard apple,40,20,40
1042,Dates,40,125,20
1043,Figs,20,60,20
1044,Orange,20,10,10
1045,Papaya,50,50,50
1046,Aniseed,100,50,20
1047,Asafoetida,90,40,20
1048,Bay Leaf,100,50,25
1049,Black Pepper,100,60,50
1050,Cardamom,75,75,150
1051,Cinnamon,20,20,25
1052,Cloves,20,20,60
1053,Jaiphal(Nutmeg),20,20,60
1054,Ginger,40,50,20
1055,Turmeric,25,60,100
1056,Cashewnuts,70,40,60
1057,Raisins,60,30,30
1058,Coconut,20,10,30
1059,Almond Nut,70,20,10
1060,Arecanut,100,40,140
1061,Pistachio Nut,90,20,20
1062,Lemon Grass,25,40,40
1063,Cotton,120,40,20
1064,Jute,80,40,40
1065,Coffee,100,20,30
1066,Sunflower,50,60,30
1067,Rice,80,40,40
1068,Jowar(Sorghum),80,40,40
1069,Barley(JAV),70,40,45
1070,Maize,80,40,20
1071,Ragi( naachnnii),50,40,20
1072,Chickpeas(Channa),40,60,80
1073,French Beans(Farasbi),90,125,60
1074,Fava beans (Papdi - Val),90,125,60
1075,Lima beans(Pavta),40,60,20
1076,Cluster Beans(Gavar),25,50,25
1077,Soyabean,20,60,20
1078,Black eyed beans( chawli),20,60,20
1079,Kidney beans,20,60,20
1080,pigeon peas(Toor Dal),20,60,20
1081,Moth bean(Matki),20,40,20
1082,Mung beans,20,40,20
1083,Green Peas,40,35,55
1084,Horse Gram(kulthi),20,60,20
1085,Black Gram,40,60,20
1086,Rapeseed (Mohri),50,40,20
1087,Coriander seeds,90,20,20
1088,Mustard seeds,100,30,15
1089,sesame seed,30,15,30
1090,Cumin seeds,90,60,20
1091,Lentils(Masoor Dal),20,60,20
1092,Brinjal,80,15,40
1093,Beetroot,120,50,100
1094,Bitter Gourd,60,10,20
1095,Bottle Gourd,100,50,50
1096,Capsicum,100,20,60
1097,Cabbage,100,65,70
1098,Carrot,40,45,60
1099,Cauliflower,80,70,50
1100,Cucumber,60,60,85
1101,Coriander leaves,10,20,20
1102,Curry leaves,20,20,20
1103,Drumstick – moringa,40,20,10
1104,Chili,120,20,80
1105,Lady Finger,80,10,40
1106,Mushroom,100,50,60
1107,Onion,120,60,65
1108,Potato,180,60,90
1109,Pumpkin,80,50,30
1110,Radish,25,100,50
1111,Olive,100,60,30
1112,Sweet Potato,90,20,120
1113,Fenugreek Leaf(methi),30,25,40
1114,Spinach,60,60,50
1115,Ridgegourd,90,50,20
1116,Gooseberry(Amla),20,50,20
1117,Jambun(Syzygium cumini),10,10,10
1118,Ziziphus mauritiana(Bor),20,10,10
1119,Garcinia indica(kokam),40,25,50
1120,Tamarind,20,15,25
1121,Tapioca(Suran),50,50,50
1122,Garlic,50,10,60
1123,Lemon,20,10,10
1124,Tomato,100,40,90
1125,Ash Gourd,60,10,30
1126,Pineapple,160,40,120
1127,Pomegranate,20,10,40
1128,Banana,100,75,50
1129,Mango,20,20,30
1130,Grapes,20,125,200
1131,Jackfruit,75,40,50
1132,Guava,50,50,50
1133,Water Melon,100,10,50
1134,Musk Melon,100,10,50
1135,Apricot,40,50,25
1136,Apple,20,125,200
1137,Chickoo,40,30,60
1138,Custard apple,40,20,40
1139,Dates,40,125,20
1140,Figs,20,60,20
1141,Orange,20,10,10
1142,Papaya,50,50,50
1143,Aniseed,100,50,20
1144,Asafoetida,90,40,20
1145,Bay Leaf,100,50,25
1146,Black Pepper,100,60,50
1147,Cardamom,75,75,150
1148,Cinnamon,20,20,25
1149,Cloves,20,20,60
1150,Jaiphal(Nutmeg),20,20,60
1151,Ginger,40,50,20
1152,Turmeric,25,60,100
1153,Cashewnuts,70,40,60
1154,Raisins,60,30,30
1155,Coconut,20,10,30
1156,Almond Nut,70,20,10
1157,Arecanut,100,40,140
1158,Pistachio Nut,90,20,20
1159,Lemon Grass,25,40,40
1160,Cotton,120,40,20
1161,Jute,80,40,40
1162,Coffee,100,20,30
1163,Sunflower,50,60,30
1164,Rice,80,40,40
1165,Jowar(Sorghum),80,40,40
1166,Barley(JAV),70,40,45
1167,Maize,80,40,20
1168,Ragi( naachnnii),50,40,20
1169,Chickpeas(Channa),40,60,80
1170,French Beans(Farasbi),90,125,60
1171,Fava beans (Papdi - Val),90,125,60
1172,Lima beans(Pavta),40,60,20
1173,Cluster Beans(Gavar),25,50,25
1174,Soyabean,20,60,20
1175,Black eyed beans( chawli),20,60,20
1176,Kidney beans,20,60,20
1177,pigeon peas(Toor Dal),20,60,20
1178,Moth bean(Matki),20,40,20
1179,Mung beans,20,40,20
1180,Green Peas,40,35,55
1181,Horse Gram(kulthi),20,60,20
1182,Black Gram,40,60,20
1183,Rapeseed (Mohri),50,40,20
1184,Coriander seeds,90,20,20
1185,Mustard seeds,100,30,15
1186,sesame seed,30,15,30
1187,Cumin seeds,90,60,20
1188,Lentils(Masoor Dal),20,60,20
1189,Brinjal,80,15,40
1190,Beetroot,120,50,100
1191,Bitter Gourd,60,10,20
1192,Bottle Gourd,100,50,50
1193,Capsicum,100,20,60
1194,Cabbage,100,65,70
1195,Carrot,40,45,60
1196,Cauliflower,80,70,50
1197,Cucumber,60,60,85
1198,Coriander leaves,10,20,20
1199,Curry leaves,20,20,20
1200,Drumstick – moringa,40,20,10
1201,Chili,120,20,80
1202,Lady Finger,80,10,40
1203,Mushroom,100,50,60
1204,Onion,120,60,65
1205,Potato,180,60,90
1206,Pumpkin,80,50,30
1207,Radish,25,100,50
1208,Olive,100,60,30
1209,Sweet Potato,90,20,120
1210,Fenugreek Leaf(methi),30,25,40
1211,Spinach,60,60,50
1212,Ridgegourd,90,50,20
1213,Gooseberry(Amla),20,50,20
1214,Jambun(Syzygium cumini),10,10,10
1215,Ziziphus mauritiana(Bor),20,10,10
1216,Garcinia indica(kokam),40,25,50
1217,Tamarind,20,15,25
1218,Tapioca(Suran),50,50,50
1219,Garlic,50,10,60
1220,Lemon,20,10,10
1221,Tomato,100,40,90
1222,Ash Gourd,60,10,30
1223,Pineapple,160,40,120
1224,Pomegranate,20,10,40
1225,Banana,100,75,50
1226,Mango,20,20,30
1227,Grapes,20,125,200
1228,Jackfruit,75,40,50
1229,Guava,50,50,50
1230,Water Melon,100,10,50
1231,Musk Melon,100,10,50
1232,Apricot,40,50,25
1233,Apple,20,125,200
1234,Chickoo,40,30,60
1235,Custard apple,40,20,40
1236,Dates,40,125,20
1237,Figs,20,60,20
1238,Orange,20,10,10
1239,Papaya,50,50,50
1240,Aniseed,100,50,20
1241,Asafoetida,90,40,20
1242,Bay Leaf,100,50,25
1243,Black Pepper,100,60,50
1244,Cardamom,75,75,150
1245,Cinnamon,20,20,25
1246,Cloves,20,20,60
1247,Jaiphal(Nutmeg),20,20,60
1248,Ginger,40,50,20
1249,Turmeric,25,60,100
1250,Cashewnuts,70,40,60
1251,Raisins,60,30,30
1252,Coconut,20,10,30
1253,Almond Nut,70,20,10
1254,Arecanut,100,40,140
1255,Pistachio Nut,90,20,20
1256,Lemon Grass,25,40,40
1257,Cotton,120,40,20
1258,Jute,80,40,40
1259,Coffee,100,20,30
1260,Sunflower,50,60,30
1261,Rice,80,40,40
1262,Jowar(Sorghum),80,40,40
1263,Barley(JAV),70,40,45
1264,Maize,80,40,20
1265,Ragi( naachnnii),50,40,20
1266,Chickpeas(Channa),40,60,80
1267,French Beans(Farasbi),90,125,60
1268,Fava beans (Papdi - Val),90,125,60
1269,Lima beans(Pavta),40,60,20
1270,Cluster Beans(Gavar),25,50,25
1271,Soyabean,20,60,20
1272,Black eyed beans( chawli),20,60,20
1273,Kidney beans,20,60,20
1274,pigeon peas(Toor Dal),20,60,20
1275,Moth bean(Matki),20,40,20
1276,Mung beans,20,40,20
1277,Green Peas,40,35,55
1278,Horse Gram(kulthi),20,60,20
1279,Black Gram,40,60,20
1280,Rapeseed (Mohri),50,40,20
1281,Coriander seeds,90,20,20
1282,Mustard seeds,100,30,15
1283,sesame seed,30,15,30
1284,Cumin seeds,90,60,20
1285,Lentils(Masoor Dal),20,60,20
1286,Brinjal,80,15,40
1287,Beetroot,120,50,100
1288,Bitter Gourd,60,10,20
1289,Bottle Gourd,100,50,50
1290,Capsicum,100,20,60
1291,Cabbage,100,65,70
1292,Carrot,40,45,60
1293,Cauliflower,80,70,50
1294,Cucumber,60,60,85
1295,Coriander leaves,10,20,20
1296,Curry leaves,20,20,20
1297,Drumstick – moringa,40,20,10
1298,Chili,120,20,80
1299,Lady Finger,80,10,40
1300,Mushroom,100,50,60
1301,Onion,120,60,65
1302,Potato,180,60,90
1303,Pumpkin,80,50,30
1304,Radish,25,100,50
1305,Olive,100,60,30
1306,Sweet Potato,90,20,120
1307,Fenugreek Leaf(methi),30,25,40
1308,Spinach,60,60,50
1309,Ridgegourd,90,50,20
1310,Gooseberry(Amla),20,50,20
1311,Jambun(Syzygium cumini),10,10,10
1312,Ziziphus mauritiana(Bor),20,10,10
1313,Garcinia indica(kokam),40,25,50
1314,Tamarind,20,15,25
1315,Tapioca(Suran),50,50,50
1316,Garlic,50,10,60
1317,Lemon,20,10,10
1318,Tomato,100,40,90
1319,Ash Gourd,60,10,30
1320,Pineapple,160,40,120
1321,Pomegranate,20,10,40
1322,Banana,100,75,50
1323,Mango,20,20,30
1324,Grapes,20,125,200
1325,Jackfruit,75,40,50
1326,Guava,50,50,50
1327,Water Melon,100,10,50
1328,Musk Melon,100,10,50
1329,Apricot,40,50,25
1330,Apple,20,125,200
1331,Chickoo,40,30,60
1332,Custard apple,40,20,40
1333,Dates,40,125,20
1334,Figs,20,60,20
1335,Orange,20,10,10
1336,Papaya,50,50,50
1337,Aniseed,100,50,20
1338,Asafoetida,90,40,20
1339,Bay Leaf,100,50,25
1340,Black Pepper,100,60,50
1341,Cardamom,75,75,150
1342,Cinnamon,20,20,25
1343,Cloves,20,20,60
1344,Jaiphal(Nutmeg),20,20,60
1345,Ginger,40,50,20
1346,Turmeric,25,60,100
1347,Cashewnuts,70,40,60
1348,Raisins,60,30,30
1349,Coconut,20,10,30
1350,Almond Nut,70,20,10
1351,Arecanut,100,40,140
1352,Pistachio Nut,90,20,20
1353,Lemon Grass,25,40,40
1354,Cotton,120,40,20
1355,Jute,80,40,40
1356,Coffee,100,20,30
1357,Sunflower,50,60,30
1358,Rice,80,40,40
1359,Jowar(Sorghum),80,40,40
1360,Barley(JAV),70,40,45
1361,Maize,80,40,20
1362,Ragi( naachnnii),50,40,20
1363,Chickpeas(Channa),40,60,80
1364,French Beans(Farasbi),90,125,60
1365,Fava beans (Papdi - Val),90,125,60
1366,Lima beans(Pavta),40,60,20
1367,Cluster Beans(Gavar),25,50,25
1368,Soyabean,20,60,20
1369,Black eyed beans( chawli),20,60,20
1370,Kidney beans,20,60,20
1371,pigeon peas(Toor Dal),20,60,20
1372,Moth bean(Matki),20,40,20
1373,Mung beans,20,40,20
1374,Green Peas,40,35,55
1375,Horse Gram(kulthi),20,60,20
1376,Black Gram,40,60,20
1377,Rapeseed (Mohri),50,40,20
1378,Coriander seeds,90,20,20
1379,Mustard seeds,100,30,15
1380,sesame seed,30,15,30
1381,Cumin seeds,90,60,20
1382,Lentils(Masoor Dal),20,60,20
1383,Brinjal,80,15,40
1384,Beetroot,120,50,100
1385,Bitter Gourd,60,10,20
1386,Bottle Gourd,100,50,50
1387,Capsicum,100,20,60
1388,Cabbage,100,65,70
1389,Carrot,40,45,60
1390,Cauliflower,80,70,50
1391,Cucumber,60,60,85
1392,Coriander leaves,10,20,20
1393,Curry leaves,20,20,20
1394,Drumstick – moringa,40,20,10
1395,Chili,120,20,80
1396,Lady Finger,80,10,40
1397,Mushroom,100,50,60
1398,Onion,120,60,65
1399,Potato,180,60,90
1400,Pumpkin,80,50,30
1401,Radish,25,100,50
1402,Olive,100,60,30
1403,Sweet Potato,90,20,120
1404,Fenugreek Leaf(methi),30,25,40
1405,Spinach,60,60,50
1406,Ridgegourd,90,50,20
1407,Gooseberry(Amla),20,50,20
1408,Jambun(Syzygium cumini),10,10,10
1409,Ziziphus mauritiana(Bor),20,10,10
1410,Garcinia indica(kokam),40,25,50
1411,Tamarind,20,15,25
1412,Tapioca(Suran),50,50,50
1413,Garlic,50,10,60
1414,Lemon,20,10,10
1415,Tomato,100,40,90
1416,Ash Gourd,60,10,30
1417,Pineapple,160,40,120
1418,Pomegranate,20,10,40
1419,Banana,100,75,50
1420,Mango,20,20,30
1421,Grapes,20,125,200
1422,Jackfruit,75,40,50
1423,Guava,50,50,50
1424,Water Melon,100,10,50
1425,Musk Melon,100,10,50
1426,Apricot,40,50,25
1427,Apple,20,125,200
1428,Chickoo,40,30,60
1429,Custard apple,40,20,40
1430,Dates,40,125,20
1431,Figs,20,60,20
1432,Orange,20,10,10
1433,Papaya,50,50,50
1434,Aniseed,100,50,20
1435,Asafoetida,90,40,20
1436,Bay Leaf,100,50,25
1437,Black Pepper,100,60,50
1438,Cardamom,75,75,150
1439,Cinnamon,20,20,25
1440,Cloves,20,20,60
1441,Jaiphal(Nutmeg),20,20,60
1442,Ginger,40,50,20
1443,Turmeric,25,60,100
1444,Cashewnuts,70,40,60
1445,Raisins,60,30,30
1446,Coconut,20,10,30
1447,Almond Nut,70,20,10
1448,Arecanut,100,40,140
1449,Pistachio Nut,90,20,20
1450,Lemon Grass,25,40,40
1451,Cotton,120,40,20
1452,Jute,80,40,40
1453,Coffee,100,20,30
1454,Sunflower,50,60,30
1455,Rice,80,40,40
1456,Jowar(Sorghum),80,40,40
1457,Barley(JAV),70,40,45
1458,Maize,80,40,20
1459,Ragi( naachnnii),50,40,20
1460,Chickpeas(Channa),40,60,80
1461,French Beans(Farasbi),90,125,60
1462,Fava beans (Papdi - Val),90,125,60
1463,Lima beans(Pavta),40,60,20
1464,Cluster Beans(Gavar),25,50,25
1465,Soyabean,20,60,20
1466,Black eyed beans( chawli),20,60,20
1467,Kidney beans,20,60,20
1468,pigeon peas(Toor Dal),20,60,20
1469,Moth bean(Matki),20,40,20
1470,Mung beans,20,40,20
1471,Green Peas,40,35,55
1472,Horse Gram(kulthi),20,60,20
1473,Black Gram,40,60,20
1474,Rapeseed (Mohri),50,40,20
1475,Coriander seeds,90,20,20
1476,Mustard seeds,100,30,15
1477,sesame seed,30,15,30
1478,Cumin seeds,90,60,20
1479,Lentils(Masoor Dal),20,60,20
1480,Brinjal,80,15,40
1481,Beetroot,120,50,100
1482,Bitter Gourd,60,10,20
1483,Bottle Gourd,100,50,50
1484,Capsicum,100,20,60
1485,Cabbage,100,65,70
1486,Carrot,40,45,60
1487,Cauliflower,80,70,50
1488,Cucumber,60,60,85
1489,Coriander leaves,10,20,20
1490,Curry leaves,20,20,20
1491,Drumstick – moringa,40,20,10
1492,Chili,120,20,80
1493,Lady Finger,80,10,40
1494,Mushroom,100,50,60
1495,Onion,120,60,65
1496,Potato,180,60,90
1497,Pumpkin,80,50,30
1498,Radish,25,100,50
1499,Olive,100,60,30
1500,Sweet Potato,90,20,120
1501,Fenugreek Leaf(methi),30,25,40
1502,Spinach,60,60,50
1503,Ridgegourd,90,50,20
1504,Gooseberry(Amla),20,50,20
1505,Jambun(Syzygium cumini),10,10,10
1506,Ziziphus mauritiana(Bor),20,10,10
1507,Garcinia indica(kokam),40,25,50
1508,Tamarind,20,15,25
1509,Tapioca(Suran),50,50,50
1510,Garlic,50,10,60
1511,Lemon,20,10,10
1512,Tomato,100,40,90
1513,Ash Gourd,60,10,30
1514,Pineapple,160,40,120
1515,Pomegranate,20,10,40
1516,Banana,100,75,50
1517,Mango,20,20,30
1518,Grapes,20,125,200
1519,Jackfruit,75,40,50
1520,Guava,50,50,50
1521,Water Melon,100,10,50
1522,Musk Melon,100,10,50
1523,Apricot,40,50,25
1524,Apple,20,125,200
1525,Chickoo,40,30,60
1526,Custard apple,40,20,40
1527,Dates,40,125,20
1528,Figs,20,60,20
1529,Orange,20,10,10
1530,Papaya,50,50,50
1531,Aniseed,100,50,20
1532,Asafoetida,90,40,20
1533,Bay Leaf,100,50,25
1534,Black Pepper,100,60,50
1535,Cardamom,75,75,150
1536,Cinnamon,20,20,25
1537,Cloves,20,20,60
1538,Jaiphal(Nutmeg),20,20,60
1539,Ginger,40,50,20
1540,Turmeric,25,60,100
1541,Cashewnuts,70,40,60
1542,Raisins,60,30,30
1543,Coconut,20,10,30
1544,Almond Nut,70,20,10
1545,Arecanut,100,40,140
1546,Pistachio Nut,90,20,20
1547,Lemon Grass,25,40,40
1548,Cotton,120,40,20
1549,Jute,80,40,40
1550,Coffee,100,20,30
1551,Sunflower,50,60,30
1552,Rice,80,40,40
1553,Jowar(Sorghum),80,40,40
1554,Barley(JAV),70,40,45
1555,Maize,80,40,20
1556,Ragi( naachnnii),50,40,20
1557,Chickpeas(Channa),40,60,80
1558,French Beans(Farasbi),90,125,60
1559,Fava beans (Papdi - Val),90,125,60
1560,Lima beans(Pavta),40,60,20
1561,Cluster Beans(Gavar),25,50,25
1562,Soyabean,20,60,20
1563,Black eyed beans( chawli),20,60,20
1564,Kidney beans,20,60,20
1565,pigeon peas(Toor Dal),20,60,20
1566,Moth bean(Matki),20,40,20
1567,Mung beans,20,40,20
1568,Green Peas,40,35,55
1569,Horse Gram(kulthi),20,60,20
1570,Black Gram,40,60,20
1571,Rapeseed (Mohri),50,40,20
1572,Coriander seeds,90,20,20
1573,Mustard seeds,100,30,15
1574,sesame seed,30,15,30
1575,Cumin seeds,90,60,20
1576,Lentils(Masoor Dal),20,60,20
1577,Brinjal,80,15,40
1578,Beetroot,120,50,100
1579,Bitter Gourd,60,10,20
1580,Bottle Gourd,100,50,50
1581,Capsicum,100,20,60
1582,Cabbage,100,65,70
1583,Carrot,40,45,60
1584,Cauliflower,80,70,50
1585,Cucumber,60,60,85
1586,Coriander leaves,10,20,20
1587,Curry leaves,20,20,20
1588,Drumstick – moringa,40,20,10
1589,Chili,120,20,80
1590,Lady Finger,80,10,40
1591,Mushroom,100,50,60
1592,Onion,120,60,65
1593,Potato,180,60,90
1594,Pumpkin,80,50,30
1595,Radish,25,100,50
1596,Olive,100,60,30
1597,Sweet Potato,90,20,120
1598,Fenugreek Leaf(methi),30,25,40
1599,Spinach,60,60,50
1600,Ridgegourd,90,50,20
1601,Gooseberry(Amla),20,50,20
1602,Jambun(Syzygium cumini),10,10,10
1603,Ziziphus mauritiana(Bor),20,10,10
1604,Garcinia indica(kokam),40,25,50
1605,Tamarind,20,15,25
1606,Tapioca(Suran),50,50,50
1607,Garlic,50,10,60
1608,Lemon,20,10,10
1609,Tomato,100,40,90
1610,Ash Gourd,60,10,30
1611,Pineapple,160,40,120
1612,Pomegranate,20,10,40
1613,Banana,100,75,50
1614,Mango,20,20,30
1615,Grapes,20,125,200
1616,Jackfruit,75,40,50
1617,Guava,50,50,50
1618,Water Melon,100,10,50
1619,Musk Melon,100,10,50
1620,Apricot,40,50,25
1621,Apple,20,125,200
1622,Chickoo,40,30,60
1623,Custard apple,40,20,40
1624,Dates,40,125,20
1625,Figs,20,60,20
1626,Orange,20,10,10
1627,Papaya,50,50,50
1628,Aniseed,100,50,20
1629,Asafoetida,90,40,20
1630,Bay Leaf,100,50,25
1631,Black Pepper,100,60,50
1632,Cardamom,75,75,150
1633,Cinnamon,20,20,25
1634,Cloves,20,20,60
1635,Jaiphal(Nutmeg),20,20,60
1636,Ginger,40,50,20
1637,Turmeric,25,60,100
1638,Cashewnuts,70,40,60
1639,Raisins,60,30,30
1640,Coconut,20,10,30
1641,Almond Nut,70,20,10
1642,Arecanut,100,40,140
1643,Pistachio Nut,90,20,20
1644,Lemon Grass,25,40,40
1645,Cotton,120,40,20
1646,Jute,80,40,40
1647,Coffee,100,20,30
1648,Sunflower,50,60,30
1649,Rice,80,40,40
1650,Jowar(Sorghum),80,40,40
1651,Barley(JAV),70,40,45
1652,Maize,80,40,20
1653,Ragi( naachnnii),50,40,20
1654,Chickpeas(Channa),40,60,80
1655,French Beans(Farasbi),90,125,60
1656,Fava beans (Papdi - Val),90,125,60
1657,Lima beans(Pavta),40,60,20
1658,Cluster Beans(Gavar),25,50,25
1659,Soyabean,20,60,20
1660,Black eyed beans( chawli),20,60,20
1661,Kidney beans,20,60,20
1662,pigeon peas(Toor Dal),20,60,20
1663,Moth bean(Matki),20,40,20
1664,Mung beans,20,40,20
1665,Green Peas,40,35,55
1666,Horse Gram(kulthi),20,60,20
1667,Black Gram,40,60,20
1668,Rapeseed (Mohri),50,40,20
1669,Coriander seeds,90,20,20
1670,Mustard seeds,100,30,15
1671,sesame seed,30,15,30
1672,Cumin seeds,90,60,20
1673,Lentils(Masoor Dal),20,60,20
1674,Brinjal,80,15,40
1675,Beetroot,120,50,100
1676,Bitter Gourd,60,10,20
1677,Bottle Gourd,100,50,50
1678,Capsicum,100,20,60
1679,Cabbage,100,65,70
1680,Carrot,40,45,60
1681,Cauliflower,80,70,50
1682,Cucumber,60,60,85
1683,Coriander leaves,10,20,20
1684,Curry leaves,20,20,20
1685,Drumstick – moringa,40,20,10
1686,Chili,120,20,80
1687,Lady Finger,80,10,40
1688,Mushroom,100,50,60
1689,Onion,120,60,65
1690,Potato,180,60,90
1691,Pumpkin,80,50,30
1692,Radish,25,100,50
1693,Olive,100,60,30
1694,Sweet Potato,90,20,120
1695,Fenugreek Leaf(methi),30,25,40
1696,Spinach,60,60,50
1697,Ridgegourd,90,50,20
1698,Gooseberry(Amla),20,50,20
1699,Jambun(Syzygium cumini),10,10,10
1700,Ziziphus mauritiana(Bor),20,10,10
1701,Garcinia indica(kokam),40,25,50
1702,Tamarind,20,15,25
1703,Tapioca(Suran),50,50,50
1704,Garlic,50,10,60
1705,Lemon,20,10,10
1706,Tomato,100,40,90
1707,Ash Gourd,60,10,30
1708,Pineapple,160,40,120
1709,Pomegranate,20,10,40
1710,Banana,100,75,50
1711,Mango,20,20,30
1712,Grapes,20,125,200
1713,Jackfruit,75,40,50
1714,Guava,50,50,50
1715,Water Melon,100,10,50
1716,Musk Melon,100,10,50
1717,Apricot,40,50,25
1718,Apple,20,125,200
1719,Chickoo,40,30,60
1720,Custard apple,40,20,40
1721,Dates,40,125,20
1722,Figs,20,60,20
1723,Orange,20,10,10
1724,Papaya,50,50,50
1725,Aniseed,100,50,20
1726,Asafoetida,90,40,20
1727,Bay Leaf,100,50,25
1728,Black Pepper,100,60,50
1729,Cardamom,75,75,150
1730,Cinnamon,20,20,25
1731,Cloves,20,20,60
1732,Jaiphal(Nutmeg),20,20,60
1733,Ginger,40,50,20
1734,Turmeric,25,60,100
1735,Cashewnuts,70,40,60
1736,Raisins,60,30,30
1737,Coconut,20,10,30
1738,Almond Nut,70,20,10
1739,Arecanut,100,40,140
1740,Pistachio Nut,90,20,20
1741,Lemon Grass,25,40,40
1742,Cotton,120,40,20
1743,Jute,80,40,40
1744,Coffee,100,20,30
1745,Sunflower,50,60,30
1746,Rice,80,40,40
1747,Jowar(Sorghum),80,40,40
1748,Barley(JAV),70,40,45
1749,Maize,80,40,20
1750,Ragi( naachnnii),50,40,20
1751,Chickpeas(Channa),40,60,80
1752,French Beans(Farasbi),90,125,60
1753,Fava beans (Papdi - Val),90,125,60
1754,Lima beans(Pavta),40,60,20
1755,Cluster Beans(Gavar),25,50,25
1756,Soyabean,20,60,20
1757,Black eyed beans( chawli),20,60,20
1758,Kidney beans,20,60,20
1759,pigeon peas(Toor Dal),20,60,20
1760,Moth bean(Matki),20,40,20
1761,Mung beans,20,40,20
1762,Green Peas,40,35,55
1763,Horse Gram(kulthi),20,60,20
1764,Black Gram,40,60,20
1765,Rapeseed (Mohri),50,40,20
1766,Coriander seeds,90,20,20
1767,Mustard seeds,100,30,15
1768,sesame seed,30,15,30
1769,Cumin seeds,90,60,20
1770,Lentils(Masoor Dal),20,60,20
1771,Brinjal,80,15,40
1772,Beetroot,120,50,100
1773,Bitter Gourd,60,10,20
1774,Bottle Gourd,100,50,50
1775,Capsicum,100,20,60
1776,Cabbage,100,65,70
1777,Carrot,40,45,60
1778,Cauliflower,80,70,50
1779,Cucumber,60,60,85
1780,Coriander leaves,10,20,20
1781,Curry leaves,20,20,20
1782,Drumstick – moringa,40,20,10
1783,Chili,120,20,80
1784,Lady Finger,80,10,40
1785,Mushroom,100,50,60
1786,Onion,120,60,65
1787,Potato,180,60,90
1788,Pumpkin,80,50,30
1789,Radish,25,100,50
1790,Olive,100,60,30
1791,Sweet Potato,90,20,120
1792,Fenugreek Leaf(methi),30,25,40
1793,Spinach,60,60,50
1794,Ridgegourd,90,50,20
1795,Gooseberry(Amla),20,50,20
1796,Jambun(Syzygium cumini),10,10,10
1797,Ziziphus mauritiana(Bor),20,10,10
1798,Garcinia indica(kokam),40,25,50
1799,Tamarind,20,15,25
1800,Tapioca(Suran),50,50,50
1801,Garlic,50,10,60
1802,Lemon,20,10,10
1803,Tomato,100,40,90
1804,Ash Gourd,60,10,30
1805,Pineapple,160,40,120
1806,Pomegranate,20,10,40
1807,Banana,100,75,50
1808,Mango,20,20,30
1809,Grapes,20,125,200
1810,Jackfruit,75,40,50
1811,Guava,50,50,50
1812,Water Melon,100,10,50
1813,Musk Melon,100,10,50
1814,Apricot,40,50,25
1815,Apple,20,125,200
1816,Chickoo,40,30,60
1817,Custard apple,40,20,40
1818,Dates,40,125,20
1819,Figs,20,60,20
1820,Orange,20,10,10
1821,Papaya,50,50,50
1822,Aniseed,100,50,20
1823,Asafoetida,90,40,20
1824,Bay Leaf,100,50,25
1825,Black Pepper,100,60,50
1826,Cardamom,75,75,150
1827,Cinnamon,20,20,25
1828,Cloves,20,20,60
1829,Jaiphal(Nutmeg),20,20,60
1830,Ginger,40,50,20
1831,Turmeric,25,60,100
1832,Cashewnuts,70,40,60
1833,Raisins,60,30,30
1834,Coconut,20,10,30
1835,Almond Nut,70,20,10
1836,Arecanut,100,40,140
1837,Pistachio Nut,90,20,20
1838,Lemon Grass,25,40,40
1839,Cotton,120,40,20
1840,Jute,80,40,40
1841,Coffee,100,20,30
1842,Sunflower,50,60,30
